BANK,DATE OF ISSUE,CONTRACT NO ,LC NO,Country,ELITE PIC,CSR PIC
SCB,8-May,08/10911,176017020030,Bangladesh,THINHA,ANURAG
SCB,8-May,07/3856,17ILC0363,Nepal,THINHA,SURYA
SCB,8-May,02/5563,0176MDC170005951,India,THINHA,SANJEEV
CITI,8-May,08/10912,0000019517020029,Bangladesh,THINHA,ANURAG
BTMU,8-May,08/10902,0000168917060404,Bangladesh,THINHA,ANURAG
SCB,9-May,08/10906,304917020010,Bangladesh,THINHA,ANURAG
SCB,9-May,08/10907,304617020082,Bangladesh,THINHA,ANURAG
SCB,9-May,11/5516,DB1003LC1704496,Sri Lanka,THINHA,NAVDEEP
SCB,11-May,07/3857,17DC01USD15326,Nepal,THINHA,SURYA
BTMU,11-May,08/10915,154217010134,Bangladesh,THINHA,ANURAG
SCB,11-May,08/10908,100117230093,Bangladesh,THINHA,ANURAG
SCB,11-May,08/10909,100517020071,Bangladesh,THINHA,ANURAG
SCB,11-May,08/10910,100517020070,Bangladesh,THINHA,ANURAG
SCB,11-May,08/10904,DPCDAK776956,Bangladesh,THINHA,ANURAG
HSBC,11-May,13/1363,2342FLC015217,India,THINHA,NAVDEEP
SCB,11-May,07/3852,010LC1FU170037,Nepal,THINHA,SURYA
HSBC,11-May,08/10917,DPCDAK703558,Bangladesh,THINHA,ANURAG
SCB,8-May,13/1369,17DC01USD15337,Nepal,THINHA,NAVDEEP
SCB,12-May,07/3851,17DC01USD15328,Nepal,THINHA,SURYA
SCB,12-May,07/3855,HBLIFX13731495,Nepal,THINHA,SURYA
SCB,12-May,08/10903,174317020075,Bangladesh,THINHA,ANURAG
SCB,12-May,08/10916,43417020009,Bangladesh,THINHA,ANURAG
SCB,12-May,13/1370,019USD170322U,Nepal,THINHA,Navdeep
SCB,12-May,08/10918,0000181017010133,Nepal,THINHA,ANURAG
HSBC,9-May,03/0897,0415017IM0000062,India,THINHA,GAURAV
HSBC,9-May,02/5562,003LM01171290002,India,THINHA,SANJEEV
HSBC,11-May,06/248,30930NI00003717,India,THINHA,VIPIN
HSBC,11-May,15/0070,065/DC/01878/17,India,THINHA,SHEETAL
HSBC,11-May,15/0071,065/DC/01877/17,India,THINHA,SHEETAL
HSBC,11-May,06/247,30930NI00003617,India,THINHA,VIPIN
HSBC,11-May,03/0899,053417IML000020,India,THINHA,GAURAV
HSBC,11-May,01/8298,1097517IM0000009,India,THINHA,SANJEEV
HSBC,11-May,06/233,0174MDC170003979,India,THINHA,VIPIN
HSBC,12-May,11/0035,0042002170011268,Sri Lanka,THINHA,GAURAV
HSBC,12-May,13/1362,0153FLC170015,India,THINHA,NAVDEEP
HSBC,12-May,02/5560,5540604673,India,THINHA,SANJEEV
HSBC,12-May,02/5568,IMLC/2017/980026,India,THINHA,SANJEEV
HSBC,12-May,06/0235,6049FLCDA170015,India,THINHA,SANJEEV
HSBC,13-May,13/1378,003LC01171320027,India,THINHA,NAVDEEP
SCB,15-May,07/3858,HBLIFX12731485,Nepal,THINHA,SURYA
SCB,15-May,07/3861,18017LU00044,Bangladesh,THINHA,SURYA
SCB,15-May,07/3860,17DC01USD15327,Nepal,THINHA,SURYA
SCB,15-May,06/244,171010235973S,India,THINHA,VIPIN
SCB,15-May,01/8297,529010749169S,India,THINHA,SANJEEV
SCB,15-May,08/10932,174117020191,Bangladesh,THINHA,ANURAG
SCB,15-May,08/10913,215217010223,Bangladesh,THINHA,ANURAG
HSBC,12-May,03/0899,053417IML000021,India,THINHA,GAURAV
HSBC,13-May,02/5565,0067FLC170004,India,THINHA,SANJEEV
SCB,16-May,15/0073,171010235964-S,India,THINHA,VIPIN
SCB,16-May,07/3859,17DC14USD00109,Nepal,THINHA,SURYA
SCB,16-May,07/03872,LC21113773/74,Nepal,THINHA,SURYA
SCB,16-May,07/3865,HBLIFX14731521,Nepal,THINHA,SURYA
SCB,16-May,08/10930,160917010053,Bangladesh,THINHA,ANURAG
SCB,16-May,07/3871,L608617134,Nepal,THINHA,SURYA
SCB,16-May,07/3854,LC01113873/74,Nepal,THINHA,SURYA
SCB,16-May,08/10931,160917010054,Bangladesh,THINHA,ANURAG
SCB,16-May,08/10919,160717020134,Bangladesh,THINHA,ANURAG
SCB,16-May,08/10928,160717020134,Bangladesh,THINHA,ANURAG
HSBC,16-May,03/0900,0999817IM0039362,India,THINHA,GAURAV
HSBC,16-May,05/2184,2342FLC015717,India,THINHA,GAURAV
HSBC,16-May,06/233,0174MDC170004190,India,THINHA,VIPIN
HSBC,16-May,03/0906,7456MDC170004175,India,THINHA,GAURAV
BTMU,16-May,08/10921,0000021617010183,Bangladesh,THINHA,ANURAG
BTMU,16-May,08/10905,0000021617010182,Bangladesh,THINHA,ANURAG
SCB,17-May,08/10927,133617020075,Bangladesh,THINHA,ANURAG
HSBC,17-May,06/245,1165FLC170310,India,THINHA,VIPIN
SCB,17-May,08/10924,174317020076,Bangladesh,THINHA,ANURAG
SCB,17-May,11/5521,493011711185,Sri Lanka,THINHA,NAVDEEP
SCB,17-May,08/10935,174117020204,Bangladesh,THINHA,ANURAG
SCB,17-May,08/10923,1341/17/02/0035,Bangladesh,THINHA,ANURAG
HSBC,17-May,01/8304,0505017IM0000392,India,THINHA,SANJEEV
HSBC,17-May,01/8309,IMLC/2017/520156,India,THINHA,SANJEEV
HSBC,17-May,01/8303,0505017IM0000393,India,THINHA,SANJEEV
HSBC,17-May,06/234,009517IML000025,India,THINHA,SANJEEV
HSBC,17-May,06/249,30930NI00003917,India,THINHA,SANJEEV
HSBC,17-May,01/8302,001LM01171370004,India,THINHA,SANJEEV
HSBC,17-May,01/8317,001LM01171370006,India,THINHA,SANJEEV
SCB,17-May,07/3876,003ILUF171350001,Nepal,THINHA,SURYA
SCB,17-May,11/5517,DCU1700513751,Sri Lanka,THINHA,KUMAR
HSBC,17-May,06/246,1165FLC170311,India,THINHA,VIPIN
HSBC,17-May,06/240,0174MDC170004235,India,THINHA,VIPIN
SCB,11-May,08/10914,560217220032,Bangladesh,THINHA,ANURAG
SCB,14-May,08/10920,188517020006,Bangladesh,THINHA,ANURAG
SCB,15-May,07/3875,17DC05USD07335,Nepal,THINHA,SURYA
SCB,16-May,11/5522,LCSFCBU1700157,Sri Lanka,THINHA,NAVDEEP
SCB,16-May,07/3870,L16907421260,Nepal,THINHA,SURYA
SCB,16-May,08/10934,188517020007,Bangladesh,THINHA,ANURAG
BTMU,17-May,03/0895,0027817FLU000017,India,THINHA,GAURAV
SCB,15-May,01/8316,00031718FLU0026,India,THINHA,SANJEEV
SCB,17-May,07/3868,IUSDF1117USD0263,Nepal,THINHA,SURYA
SCB,17-May,02/5570,0207MDC170004232,India,THINHA,SANJEEV
SCB,18-May,08/10938,297917020026,Bangladesh,THINHA,ANURAG
SCB,18-May,07/3866,IUDSF6217USD0268,Nepal,THINHA,SURYA
SCB,18-May,08/10925,73117020039,Bangladesh,THINHA,ANURAG
HSBC,18-May,05/2181,DPCMDR321811,India,THINHA,GAURAV
SCB,18-May,11/5527,400211700087,Sri Lanka,THINHA,NAVDEEP
HSBC,16-May,06/240,0174MDC170004187,India,THINHA,VIPIN
CITI,17-May,08/10937,154617020050,Bangladesh,THINHA,ANURAG
CITI,17-May,08/10940,0000019517020032,Bangladesh,THINHA,ANURAG
CITI,17-May,08/10939,0000019517020033,Bangladesh,THINHA,ANURAG
HSBC,17-May,01/8299,0505417IM0000306,India,THINHA,SANJEEV
SCB,17-May,13/1379,9917IM0200103,Nepal,THINHA,NAVDEEP
HSBC,17-May,05/2182,7018817IM0000053,India,THINHA,GAURAV
HSBC,17-May,05/2188,7018817IM0000052,India,THINHA,GAURAV
HSBC,17-May,06/238,003LC01171360016,India,THINHA,VIPIN 
SCB,18-May,07/3853,IUDSFA117USD0264,Nepal,JENY,SURYA
HSBC,18-May,06/237,DPCNDH280512,India,THINHA,VIPIN 
SCB,19-May,03/0905,PV1IMLU171370001,India,THINHA,SHEETAL
SCB,19-May,05/2187,123DC0026717,India,THINHA,GAURAV
HSBC,19-May,13/1382,0312FLC6817,Nepal,THINHA,NAVDEEP
HSBC,19-May,06/243,0143FLC-007-17,India,THINHA,VIPIN
HSBC,19-May,02/5573,5548604684,Nepal,THINHA,SANJEEV
SCB,19-May,07/3880,NBL1780024U032,Nepal,THINHA,SURYA
SCB,19-May,11/5518,L07011700022,Sri Lanka,THINHA,NAVDEEP
SCB,19-May,07/3879,001LCIFU170313,Nepal,THINHA,SURYA
SCB,20-May,06/236,400617012,India,THINHA,VIPIN
SCB,21-May,08/10933,426010018345G,Bangladesh,THINHA,ANURAG
HSBC,12-May,02/5566,49580NI00018817,India,THINHA,SANJEEV
SCB,17-May,07/3867,17DC01USD15375,Nepal,THINHA,SURYA
SCB,17-May,06/242,827-01-0010721,India,THINHA,VIPIN
HSBC,18-May,11/5524,035IMLCU17000142,Sri Lanka,THINHA,NAVDEEP
HSBC,19-May,11/5531,039IMLCU17002106,India,JENY,NAVDEEP
HSBC,19-May,11/5523,DCU1702413817,Sri Lanka,THINHA,NAVDEEP
HSBC,19-May,11/5528,DB4901LC1704872,Sri Lanka,JENY,NAVDEEP
SCB,20-May,01/8321,001LM01171400013,India,THINHA,SANJEEV
SCB,21-May,08/10942,174117020211,Bangladesh,THINHA,ANURAG
SCB,22-May,13/1375,F01IMLU171350002,India,THINHA,NAVDEEP
SCB,22-May,08/10926,0000195017020023,Nepal,THINHA,ANURAG
HSBC,22-May,11/5530,401911732331,Sri Lanka,JENY,NAVDEEP
HSBC,22-May,06/257,0174MDC170004456,India,THINHA,VIPIN
SCB,22-May,08/10922,0000195017020022,Bangladesh,THINHA,ANURAG
SCB,22-May,15/0063,0559017IM0000009,India,THINHA,SHEETAL
SCB,22-May,13/1390,015USD73740665U,Nepal,THINHA,NAVDEEP
SCB,22-May,11/5525,DB4077LC1704772,Sri Lanka,THINHA,NAVDEEP
SCB,22-May,11/5526,004D76217050056,Sri Lanka,THINHA,NAVDEEP
SCB,21-May,07/3878,19517LU00020,Nepal,THINHA,SURYA
SCB,22-May,08/10941,1336/17/02/0082,Bangladesh,THINHA,ANURAG
SCB,22-May,08/10945,22171701499,Bangladesh,THINHA,ANURAG
HSBC,22-May,15/0067,0753617IMO0012044,India,THINHA,SHEETAL
HSBC,23-May,11/5533,052IMLCU17002150,Sri Lanka,THINHA,NAVDEEP
SCB,23-May,11/5529,DCU1700513827,Sri Lanka,THINHA,NAVDEEP
CITI,17-May,15/0064,50570NI00008417,India,THINHA,SHEETAL
SCB,18-May,08/10929,134117020038,Bangladesh,THINHA,ANURAG
SCB,24-May,07/3864,2217IM0200051,Nepal,THINHA,SURYA
SCB,24-May,02/5571,TX3IMLU171320001,India,THINHA,SANJEEV
SCB,24-May,08/10946,0000194717020067,Bangladesh,THINHA,ANURAG
SCB,24-May,07/3869,HBLIFX01731564,Nepal,THINHA,SURYA
SCB,25-May,09/306,220FLC00003017,Bhutan,THINHA,GAURAV
HSBC,16-May,11/5520,0042002170011623,Sri Lanka,THINHA,NAVDEEP
SCB,15-May,05/2183,0505617IM0075286,India,THINHA,GAURAV
SCB,18-May,07/3873,EB0370FOU00115,Nepal,THINHA,SURYA
SCB,22-May,07/3877,008ILUF171420001,Nepal,THINHA,SURYA
SCB,23-May,08/10943,296417020038,Bangladesh,THINHA,ANURAG
SCB,24-May,01/8327,529010751271,India,THINHA,SANJEEV
HSBC,24-May,01/8315,0505017IM0000431,India,THINHA,SANJEEV
HSBC,25-May,06/239,003LC01171450006,India,THINHA,VIPIN
HSBC,25-May,01/8313,0505017IM0000432,India,THINHA,SANJEEV
HSBC,25-May,01/8314,0505017IM0000433,India,THINHA,SANJEEV
SCB,25-May,07/3883,010LCIFU170040,Nepal,THINHA,SURYA 
HSBC,26-May,02/5575,0040FLC170024,India,THINHA,SANJEEV
SCB,26-May,09/0307,CPBDLC30,Bhutan,THINHA,GAURAV
SCB,26-May,07/3884,17ILC0416,Nepal,THINHA,SURYA
HSBC,26-May,13/1392,004LC01171440012,India,THINHA,NAVDEEP
HSBC,26-May,01/8328,OLC0017170004345,India,THINHA,SANJEEV
BTMU,26-May,03/0907,0027817FLU000019,India,THINHA,GAURAV
SCB,28-May,07/3887,17DC07USD09607,Nepal,THINHA,SURYA
SCB,28-May,07/3882,17ILC0418,Nepal,THINHA,SURYA
HSBC,25-May,01/8329,0505017IM0000434,India,THINHA,SANJEEV
HSBC,29-May,13/1395,4335MDC170004682,India,THINHA,NAVDEEP
HSBC,29-May,03/0909,0999817IM0039401,India,THINHA,GAURAV
HSBC,29-May,06/254,1165FLC170347,India,THINHA,VIPIN
SCB,29-May,05/2190,LC/114/3461807,India,THINHA,GAURAV
HSBC,30-May,11/5519,003IMLCU17001094,Sri Lanka,THINHA,NAVDEEP
SCB,23-May,08/10944,296417020040,Bangladesh,THINHA,ANURAG
HSBC,24-May,13/1385,DCU1700513828,Sri Lanka,JENY,NAVDEEP
HSBC,24-May,06/258,0154MLC00001018,India,THINHA,VIPIN
SCB,30-May,07/3886,HBLIFX03731598,Nepal,THINHA,SURYA
SCB,30-May,01/8330,001LM01171500022,India,THINHA,SANJEEV
SCB,30-May,07/3888,HBLIFX13731591,Nepal,THINHA,SURYA
SCB,28-May,07/3885,17DC01USD15408,Nepal,THINHA,SURYA
SCB,30-May,13/1400,4615MDC170004721,India,THINHA,NAVDEEP
HSBC,31-May,11/5535,BTD/M084815,Sri Lanka,THINHA,NAVDEEP
HSBC,31-May,11/5539,493011711354,Sri Lanka,THINHA,NAVDEEP
SCB,29-May,03/0896,038917FLCU0005,India,THINHA,GAURAV
HSBC,3-Jun,03/0913,0415017IM0000075,India,THINHA,GAURAV
HSBC,19-May,03/0894,828-01-0015789,India,THINHA,GAURAV
HSBC,5-Jun,11/5537,TF1715601008,Sri Lanka,JENY,NAVDEEP
SCB,5-Jun,08/10936,411010644727,Bangladesh,JENY,ANURAG
SCB,5-Jun,08/10964,167417010084,Bangladesh,THINHA,ANURAG
SCB,5-Jun,08/10949,100517020088,Bangladesh,THINHA,ANURAG
SCB,5-Jun,08/10948,100517020087,Bangladesh,THINHA,ANURAG
SCB,2-Jun,06/231,TX3IMLU171430001,India,THINHA,SANJEEV
SCB,6-Jun,13/1404,9917IMO0200118,Nepal,THINHA,NAVDEEP
SCB,7-Jun,08/10975,0000181017010167,Bangladesh,THINHA,ANURAG
SCB,6-Jun,13/1406,TP6IMLU171560001,India,THINHA,NAVDEEP
SCB,5-Jun,07/3889,010LCIFU17-0045,Nepal,THINHA,SURYA
HSBC,6-Jun,03/0917,469LC01171540003,India,THINHA,GAURAV
HSBC,6-Jun,13/1403,1636FLC170161,India,THINHA,NAVDEEP
HSBC,29-May,13/1372,0097IMPLC0002817,India,JENY,NAVDEEP
SCB,7-Jun,08/10996,222017010295,Bangladesh,THINHA,ANURAG
SCB,7-Jun,08/10978,174117010392,Bangladesh,THINHA,ANURAG
SCB,5-Jun,08/10965,188517020008,Bangladesh,THINHA,ANURAG
HSBC,6-Jun,11/5538,DB1003LC1705377,Sri Lanka,THINHA,NAVDEEP
BTMU,6-Jun,08/10984,86817020022,Bangladesh,THINHA,ANURAG
BTMU,6-Jun,08/10983,86817020023,Bangladesh,JENY,ANURAG
HSBC,6-Jun,05/2189,7018817IM0000057,India,THINHA,GAURAV
BTMU,8-Jun,08/11007,154217020044,Bangladesh,JENY,ANURAG
BTMU,7-Jun,08/11013,154217020045,Bangladesh,THINHA,ANURAG
BTMU,7-Jun,08/11014,154217020046,Bangladesh,THINHA,ANURAG
BTMU,7-Jun,08/11009,154217020047,Bangladesh,THINHA,ANURAG
BTMU,7-Jun,08/11008,154217020048,Bangladesh,THINHA,ANURAG
BTMU,8-Jun,08/11018,154217020049,Bangladesh,THINHA,ANURAG
BTMU,8-Jun,08/11019,154217020050,Bangladesh,THINHA,ANURAG
BTMU,8-Jun,08/11020,154217020051,Bangladesh,THINHA,ANURAG
BTMU,8-Jun,08/11022,154217020052,Bangladesh,THINHA,ANURAG
SCB,7-Jun,08/10954,0000208617020016,Bangladesh,THINHA,ANURAG
SCB,7-Jun,08/10953,0000208617020017,Bangladesh,THINHA,ANURAG
SCB,7-Jun,08/10997,222017010296,Bangladesh,THINHA,ANURAG
SCB,7-Jun,08/10996,222017010295,Bangladesh,THINHA,ANURAG
SCB,7-Jun,08/10979,174117010393,Bangladesh,THINHA,ANURAG
SCB,7-Jun,07/3881,HBKIFX01731649,Nepal,THINHA,SURYA
SCB,7-Jun,08/10977,209817020002,Bangladesh,THINHA,ANURAG
SCB,7-Jun,08/10990,304617020089,Bangladesh,JENY,ANURAG
SCB,8-Jun,8/68,0000167417020056,Bangladesh,THINHA,ANURAG
SCB,7-Jun,08/10989,304617020090,Bangladesh,JENY,ANURAG
SCB,7-Jun,08/10992,304617020092,Bangladesh,JENY,ANURAG
HSBC,7-Jun,02/5580,0067FLC170005,India,THINHA,SANJEEV
HSBC,7-Jun,06/241,0004FLC170170,India,THINHA,VIPIN
BTMU,8-Jun,8/93,90617020025,Bangladesh,JENY,ANURAG
BTMU,8-Jun,08/11010,154217010175,Bangladesh,JENY,ANURAG
,,06/251,0172FLC003917,India,THINHA,VIPIN
BTMU,11-Jun,08/11015,154217020053,Bangladesh,THINHA,ANURAG
BTMU,11-Jun,08/11016,154217020054,Bangladesh,THINHA,ANURAG
HSBC,30-Jun,05/2189,4258FLC00023/17,India,THINHA,GAURAV
HSBC,6-Jun,03/0915,0505217IM0000174,India,THINHA,GAURAV
HSBC,8-Jun,05/2196,2342FLC016317,India,JENY ,GAURAV
HSBC,8-Jun,06/266,009517IML000028,India,,VIPIN
SCB,11-Jun,08/11006,176017020031,Bangladesh,THINHA,ANURAG
SCB,8-Jun,08/10966,188517020010,Bangladesh,THINHA,ANURAG
SCB,8-Jun,02/5579,0207MDC170005074,India,JENY ,SANJEEV
SCB,7-Jun,08/10991,304617020093,Bangladesh,JENY ,ANURAG
HSBC,8-Jun,15/0072,469LC01171450008,India,JENY,SHEETAL
HSBC,6-Jun,2/76,008417IML000047,India,JENY,SANJEEV
CITI,8-Jun,8/56,107917020058,Bangladesh,JENY,ANURAG
CITI,8-Jun,08/10955,107917020059,Bangladesh,JENY,ANURAG
CITI,8-Jun,08/10957,107917020060,Bangladesh,JENY,ANURAG
SCB,8-Jun,8/71,215217010275,Bangladesh,JENY,ANURAG
SCB,8-Jun,08/10973,215217010276,Bangladesh,JENY,ANURAG
SCB,8-Jun,08/10974,215217010277,Bangladesh,JENY,ANURAG
SCB,9-Jun,11/5547,LCSFCBU1700189,Sri Lanka,JENY,NAVDEEP
HSBC,7-Jun,11/0037,0042002170013391,Sri Lanka,JENY,NAVDEEP
HSBC,9-Jun,11/5564,DB1003LC1705556,Sri Lanka,JENY ,NAVDEEP
HSBC,9-Jun,06/256,003LC01171600005,India,JENY ,VIPIN
HSBC,9-Jun,01/8333,OLC0017170004711,India,JENY ,SANJEEV
SCB,9-Jun,11/5541,493011711421,Sri Lanka,JENY ,NAVDEEP
SCB,11-Jun,08/10967,0000195017020027,Bangladesh,JENY ,ANURAG
SCB,12-Jun,08/11025,0000181017020012,Bangladesh,JENY ,ANURAG
SCB,12-Jun,08/11046,100117230106,Bangladesh,JENY ,ANURAG
SCB,12-Jun,08/11012,122017010109,Bangladesh,JENY ,ANURAG
SCB,12-Jun,08/11026,100517020093,Bangladesh,JENY ,ANURAG
SCB,12-Jun,08/11038,421010670465,Bangladesh,JENY ,ANURAG
BTMU,12-Jun,08/11017,154217020055,Bangladesh,JENY ,ANURAG
BTMU,12-Jun,08/11021,154217020056,Bangladesh,JENY ,ANURAG
BTMU,12-Jun,08/11023,154217020057,Bangladesh,JENY ,ANURAG
HSBC,12-Jun,13/1414,4335MDC170005149,India,JENY,NAVDEEP
HSBC,12-Jun,06/267,30930NI00004517,India,JENY,VIPIN
HSBC,12-Jun,06/268,30930NI00004417,India,JENY,VIPIN
HSBC,12-Jun,11/5563,410011732708,Sri Lanka,JENY,NAVDEEP
HSBC,12-Jun,01/8336,319757IM0000013,India,JENY,SANJEEV
HSBC,9-Jun,02/5587,006LC01171590006,India,JENY,SANJEEV
HSBC,9-Jun,03/0918,469LC01171590001,India,JENY,GAURAV
SCB,13-Jun,08/10947,ILC0802170211132,Bangladesh,THINHA,ANURAG
HSBC,12-Jun,02/5584,003LC01171590012,India,JENY,SANJEEV
SCB,11-Jun,07/3898,17DC01USD15477,Nepal,JENY,SURYA
SCB,11-Jun,07/3903,17ILC0480,Nepal,JENY,SURYA
SCB,8-Jun,13/1407,17DC01USD15460,Nepal,THINHA,NAVDEEP
SCB,13-Jun,08/11050,88217010554,Bangladesh,JENY,ANURAG
BTMU,14-Jun,08/10950,75117010460,Bangladesh,JENY,ANURAG
BTMU,14-Jun,08/11011,154217010178,Bangladesh,THINHA,ANURAG
BTMU,13-Jun,08/11054,154217010176,Bangladesh,THINHA,ANURAG
BTMU,13-Jun,08/11024,43417020011,Bangladesh,JENY,ANURAG
BTMU,13-Jun,08/11043,154217010177,Bangladesh,JENY,ANURAG
SCB,12-Jun,07/3896,TF17163201,Nepal,JENY,SURYA
SCB,11-Jun,07/3912,0217IM0200148,Nepal,JENY,SURYA
SCB,13-Jun,09/308,001IFIN171640001,Bhutan,THINHA,GAURAV
SCB,13-Jun,08/11042,140817220003,Bangladesh,JENY,ANURAG
SCB,13-Jun,08/11030,12217210094,Bangladesh,THINHA,ANURAG
SCB,11-Jun,08/11032,341/17/02/0042,Bangladesh,THINHA,ANURAG
SCB,13-Jun,08/11028,336/17/02/0093,Bangladesh,JENY,ANURAG
HSBC,29-May,13/1396,007LC01171460004,India,JENY,NAVDEEP
HSBC,12-Jun,02/5577,5541604714,India,THINHA,SANJEEV
HSBC,12-Jun,11/5551,DB1003LC1705601,Sri Lanka,THINHA,NAVDEEP
SCB,12-Jun,13/1413,019USD170402U,Nepal,JENY,NAVDEEP
HSBC,13-Jun,05/2192,OLC0008170004766,India,JENY,GAURAV
HSBC,13-Jun,15/0077,1165FLC179387,India,THINHA,SHEETAL
HSBC,13-Jun,06/260,0174MDC170005224,India,JENY,VIPIN
HSBC,13-Jun,11/5567,415011732738,Sri Lanka,THINHA,NAVDEEP
HSBC,13-Jun,01/8343,IMLC/2017/520178,India,JENY,SANJEEV
HSBC,13-Jun,11/5544,DCU1702114020,Sri Lanka,JENY,
HSBC,13-Jun,11/5542,DCU1700614042,Sri Lanka,JENY,NAVDEEP
SCB,13-Jun,08/11040,140817220004,Bangladesh,JENY,ANURAG
SCB,13-Jun,1/35,001LM01171640006,India,JENY,SANJEEV
SCB,13-Jun,08/11031,12217210095,Bangladesh,THINHA,ANURAG
SCB,13-Jun,08/11053,140817220002,Bangladesh,JENY,ANURAG
SCB,11-Jun,07/3913,0217IM0200149,Nepal,JENY,SURYA
SCB,11-Jun,07/3901,0217IM0200150,Nepal,JENY,SURYA
SCB,12-Jun,07/3892,003ILUF171630001,Nepal,JENY,SURYA
SCB,13-Jun,11/5560,288020021700007,Sri Lanka,JENY,NAVDEEP
SCB,13-Jun,11/5552,027IMLCU17002497,Sri Lanka,JENY,NAVDEEP
SCB,13-Jun,08/11041,140817220006,Bangladesh,JENY,ANURAG
SCB,13-Jun,08/11052,140817220005,Bangladesh,JENY,ANURAG
SCB,13-Jun,08/11033,209317020075,Bangladesh,JENY,ANURAG
SCB,13-Jun,08/11051,140817220001,Bangladesh,JENY,ANURAG
SCB,13-Jun,05/2201,RMPIMLC16664,India,THINHA,GAURAV
SCB,14-Jun,08/11027,133617020094,Bangladesh,JENY,ANURAG
SCB,14-Jun,07/3909,NBL1780024U045,Nepal,JENY,SURYA
SCB,14-Jun,11/5554,DCU1700114027,Sri Lanka,JENY,NAVDEEP
SCB,14-Jun,07/3893,HBLIFX12731688,Nepal,JENY,SURYA
SCB,14-Jun,07/3890,FLCIM17169,Nepal,JENY,SURYA
BTMU,14-Jun,08/10959,90617020026,Bangladesh,JENY,ANURAG
SCB,14-Jun,07/3891,FCLIM17170,Nepal,JENY,SURYA
SCB,14-Jun,07/3894,HBLIFX12731687,Nepal,JENY,SURYA
SCB,14-Jun,07/3899,HBLIFX09731691,Nepal,JENY,SURYA
SCB,14-Jun,05/2197,123DC0028017,India,JENY,GAURAV
SCB,14-Jun,08/11029,DPCDAK704651,Bangladesh,JENY,ANURAG
SCB,13-Jun,07/3902,2217IM0200059,Nepal,JENY,SURYA
SCB,15-Jun,11/5532,LCUCBG17000775,Sri Lanka,JENY,NAVDEEP
SCB,14-Jun,11/5556,LCUPET17000796,Sri Lanka,JENY,NAVDEEP
SCB,13-Jun,07/3918,010LCIFU170050,Nepal,JENY,SURYA
HSBC,15-Jun,11/5568,TF1716501020,Sri Lanka,JENY,NAVDEEP
HSBC,13-Jun,11/5546,BTD/M085069,Sri Lanka,JENY,NAVDEEP
HSBC,14-Jun,06/255,003LC01171640011,India,JENY,VIPIN
SCB,12-Jun,07/3907,012USD73740721U,Nepal,jENY,SURYA
BTMU,14-Jun,08/11056,100317020119,Bangladesh,JENY,ANURAG
BTMU,15-Jun,08/11055,154217020058,Bangladesh,JENY,ANURAG
SCB,13-Jun,07/3895,17DC05USD07393,Nepal,JENY,SURYA
SCB,15-Jun,07/3900,HBLIFX09731707,Nepal,JENY,SURYA
SCB,15-Jun,08/11057,56021722052,Bangladesh,JENY,ANURAG
HSBC,14-Jun,02/5582,0505717IM0000046,India,JENY,SANJEEV
HSBC,14-Jun,01/8361,0505417IM0000356,India,JENY,SANJEEV
HSBC,14-Jun,15/0082,0506317IM0000144,India,JENY,SHEETAL
SCB,15-Jun,6/63,827010010981,India,JENY,VIPIN
SCB,15-Jun,11/5553,MCBLCU1700294,Sri Lanka,JENY,NAVDEEP
SCB,14-Jun,07/3910,2217IM0200060,Nepal,JENY,SURYA
HSBC,14-Jun,11/5570,0042002170013827,Sri Lanka,JENY,NAVDEEP
HSBC,15-Jun,06/269,30930NI00004617,India,JENY,VIPIN
SCB,15-Jun,11/5550,L/07/01/17/00028,Sri Lanka,JENY,NAVDEEP
SCB,13-Jun,07/3908,003ILUF171640001,Nepal,JENY,SURYA
SCB,11-Jun,07/3897,17DC01USD15476,Nepal,JENY,SURYA
SCB,16-Jun,11/5555,007MLCS17000290,Sri Lanka,JENY,NAVDEEP
BTMU,17-Jun,03/0919,0027817FLU000021,India,JENY,GAURAV
HSBC,16-Jun,11/5562,TF1716501031,Sri Lanka,JENY,NAVDEEP
SCB,16-Jun,07/3904,LC1812637374,Nepal,JENY,SURYA
SCB,18-Jun,07/3916,IUSDF1517USD0340,Nepal,JENY,SURYA
SCB,18-Jun,07/3905,001LCIFU170359,Nepal,JENY,SURYA
SCB,16-Jun,02/5588,RC0IMLU171640001,India,JENY,SANJEEV
SCB,16-Jun,11/5543,DB4077LC1705586,Sri Lanka,JENY,NAVDEEP
HSBC,17-Jun,06/275,003LC01171680010,India,JENY,VIPIN
HSBC,17-Jun,01/8358,B027LCMAHI147077,India,JENY,SANJEEV
HSBC,16-Jun,01/8334,001LM01171670002,India,JENY,SANJEEV
HSBC,15-Jun,05/2203,0009MLC00006818,India,JENY,GAURAV
SCB,17-Jun,01/8359,OLC0017170004768,India,JENY,SANJEEV
CITI,19-Jun,08/11048,0000168917060504,Bangladesh,JENY,ANURAG
SCB,15-Jun,08/11037,0000194717020072,Bangladesh,JENY,ANURAG
SCB,18-Jun,07/3911,012LCIFU170136,Nepal,JENY,SURYA
SCB,18-Jun,07/3917,IUDSF1517USD0338,Nepal,JENY,SURYA
SCB,19-Jun,08/11047,106717020048,Bangladesh,JENY,ANURAG
SCB,16-Jun,3/12,0095817FL0228179,India,JENY,GAURAV
SCB,19-Jun,08/11049,0000208617020019,Bangladesh,JENY,ANURAG
SCB,14-Jun,08/10981,162217020094,Bangladesh,JENY,ANURAG
SCB,14-Jun,08/10980,162217020093,Bangladesh,JENY,ANURAG
SCB,13-Jun,07/3919,17DC01USD15487,Nepal,JENY,SURYA
SCB,12-Jun,07/3906,007LCIFU170073,Nepal,JENY,SURYA
HSBC,16-Jun,06/271,5556602225,India,JENY,VIPIN
SCB,16-Jun,07/3920,17DC01USD15502,Nepal,JENY,SURYA
SCB,19-Jun,11/5566,013D76217060067,Sri Lanka,JENY,NAVDEEP
SCB,20-Jun,08/11044,133617020101,Bangladesh,JENY,ANURAG
SCB,20-Jun,11/5557,DB7024LC1705761,Sri Lanka,JENY,NAVDEEP
HSBC,19-Jun,06/270,30930NI00005017,India,JENY,VIPIN
HSBC,19-Jun,11/5565,DB5118LC1705656,Sri Lanka,JENY,NAVDEEP
HSBC,20-Jun,03/0921,0315FLC0717,India,JENY,GAURAV
HSBC,20-Jun,02/5595,49790NI00007917,India,JENY,SANJEEV
HSBC,15-Jun,01/8339,0393MLC00054618,India,JENY,SANJEEV
HSBC,19-Jun,13/1397,007LC01171570002,India,JENY,NAVDEEP
HSBC,20-Jun,02/5596,49790NI00007817,India,JENY,SANJEEV
HSBC,21-Jun,06/272,5557602225,India,JENY,VIPIN
HSBC,20-Jun,06/259,003LC01171640027,India,JENY,VIPIN
BTMU,19-Jun,08/11004,88217020070,Bangladesh,JENY,ANURAG
BTMU,18-Jun,08/11045,88517020233,Bangladesh,JENY,ANURAG
HSBC,20-Jun,11/5574,BD4901LC1705893,Sri Lanka,JENY,NAVDEEP
HSBC,21-Jun,03/0923,0999817IM0039466,India,JENY,GAURAV
HSBC,21-Jun,01/8360,OLC0023170004944,India,JENY,SANJEEV
HSBC,20-Jun,11/5534,DB4096LC1705862,Sri Lanka,JENY,NAVDEEP
SCB,22-Jun,07/3925,HBLIFX19731749,Nepal,JENY,SURYA
SCB,22-Jun,09/308,001IFIN171730001,Bhutan,JENY,GAURAV
HSBC,20-Jun,06/06499,DB4096LC1705859,Sri Lanka,JENY,VIPIN
SCB,19-Jun,08/11036,0000221717010599,Bangladesh,JENY,ANURAG
SCB,19-Jun,08/11039,0000221717010600,Bangladesh,JENY,ANURAG
SCB,22-Jun,11/5561,LCUFCBU1700196,Sri Lanka,JENY ,NAVDEEP
SCB,22-Jun,11/5573,400111732815,Sri Lanka,JENY,NAVDEEP
SCB,22-Jun,07/3926,17ILC0523,Nepal,JENY,SURYA
SCB,22-Jun,07/3921,HBLIFX09731744,Nepal,JENY,SURYA
SCB,6-Jun,08/10962,0000000117020109,Bangladesh,JENY,ANURAG
SCB,6-Jun,08/10963,0000000117020108,Bangladesh,JENY,ANURAG
SCB,21-Jun,07/3915,KTMI520370,Nepal,JENY,SURYA
SCB,23-Jun,07/3931,2217IM0200065,Nepal,JENY,SURYA
SCB,21-Jun,07/3923,2217IM0200062,Nepal,JENY,SURYA
SCB,22-Jun,07/3922,LC1812947374,Nepal,JENY,SURYA
SCB,20-Jun,07/3924,17ILC0510,Nepal,JENY ,SURYA
HSBC,23-Jun,06/260,0174MDC170005598,India,JENY,VIPIN
HSBC,22-Jun,02/5592,0208FLC170015,India,JENY,SANJEEV
HSBC,14-Jun,11/5549,493011711495,Sri Lanka,JENY,NAVDEEP
HSBC,23-Jun,06/276,003LC01171740003,India,JENY,VIPIN
HSBC,21-Jun,02/5590,49790NI00008017,India,JENY,SANJEEV
HSBC,23-Jun,11/5572,003IMLCU17001341,Sri Lanka,JENY,NAVDEEP
SCB,27-Jun,07/3862,HBLIFX09731517,Nepal,JENY,SURYA
SCB,27-Jun,13/1427,001USD170445U,Nepal,JENY,NAVDEEP
SCB,23-Jun,07/3934,17DC01USD15530,Nepal,JENY,SURYA
SCB,27-Jun,01/8337,006LC01171730004,India,JENY,SANJEEV
HSBC,27-Jun,13/1430,4335MDC170005653,India,JENY,NAVDEEP
HSBC,27-Jun,13/1415,DCU1700514125,Sri Lanka,JENY,NAVDEEP
HSBC,27-Jun,03/0924,0999817IM0039476,India,JENY,GAURAV
HSBC,28-Jun,03/0925,053417IML000030,India,JENY,GAURAV
SCB,28-Jun,11/5575,LCUCBG17000865,Sri Lanka,JENY,NAVDEEP
SCB,25-Jun,13/1432,17DC01USD15533,Nepal,JENY,NAVDEEP
SCB,27-Jun,07/3933,LC1813097374,Nepal,JENY,SURYA
SCB,22-Jun,08/11035,134117020051,Bangladesh,JENY,ANURAG
SCB,27-Jun,01/8350,529010756347S,India,JENY,SANJEEV
SCB,28-Jun,13/1422,035IMLCU17000191,Sri Lanka,JENY,NAVDEEP
HSBC,28-Jun,03/0925,053417IML000031,India,JENY,GAURAV
HSBC,28-Jun,13/1433,003LC01171790018,India,JENY,NAVDEEP
HSBC,29-Jun,11/5576,002IMLCU17000872,Sri Lanka,JENY,NAVDEEP
BTMU,15-Jun,6/61,001LM01171660004,India,JENY,VIPIN
HSBC,29-Jun,06/274,170142FLCU00103,India,JENY,SHEETAL
HSBC,29-Jun,03/0925,053417IML000032,India,JENY,GAURAV
HSBC,29-Jun,03/0925,053417IML000033,India,JENY,GAURAV
HSBC,28-Jun,03/0920,0424817IM0000013,India,JENY,GAURAV
SCB,29-Jun,02/5564,0103USDFLC170068,India,JENY,SANJEEV
SCB,29-Jun,07/3914,IUSD6217USD0367,Nepal,JENY,SURYA
SCB,27-Jun,07/3935,17DC01USD15534,Nepal,JENY,SURYA
SCB,28-Jun,07/3930,007LCIFU170081,Nepal,JENY,SURYA
SCB,28-Jun,13/1426,9917IM02000138,Nepal,JENY,NAVDEEP
SCB,30-Jun,13/1436,001USD170456U,Nepal,JENY,SURYA
SCB,23-Jun,07/3928,003LCIFU170028,Nepal,JENY,SURYA
SCB,29-Jun,07/3932,003ILUF171800001,India,JENY,SANJEEV
HSBC,1-Jul,02/5597,DPCNDH280702,India,JENY,SANJEEV
HSBC,30-Jun,11/5545,DB1003LC1705847,Sri Lanka,JENY,NAVDEEP
HSBC,30-Jun,06/252,2568MDC170005758,India,JENY,VIPIN
HSBC,3-Jul,06/260,0174MDC170005846,India,JENY,VIPIN
HSBC,3-Jul,06/260,0174MDC170005840,India,JENY,VIPIN
HSBC,3-Jul,13/1439,003LC01171840013,India,JENY,NAVDEEP
SCB,4-Jul,08/11059,676171014204,Bangladesh,JENY,ANURAG
SCB,29-Jun,07/3927,18017LU00092,Nepal,JENY,SURYA
SCB,2-Jul,07/3929,SR026LC03617,Nepal,JENY,SURYA
SCB,27-Jun,07/3936,003ILUF171780001,Nepal,JENY,SURYA
,,,,,,